{
  "accuracy": 0.788,
  "f1_weighted": 0.7832632422605217,
  "log_loss": 0.4748967198873164,
  "test_accuracy": 0.79,
  "test_f1_weighted": 0.7854469171912617,
  "test_log_loss": 0.4681359894049313
}